Task ID,Private Score,Public Score,Metric,No Ensemble Score,Pooled Score,Sequence Level Task,Score Alpha 0.1,Score Alpha 1.0
time_of_day,0.0992197841405868,0.0992366746068,mean_mse,0.0992236211895942,-1.0,False,0.0992197841405868,0.0992197841405868
strain,0.4679598927120034,0.4836593073640085,f1_score,0.4508004417494733,0.5826558265582656,True,0.4679598927120034,0.4679598927120034
